{"cameraMode":{"drawMode":0,"name":"Shaded","section":"Shading Mode"},"sceneLighting":true,"audioPlay":false,"sceneViewState":{"m_AlwaysRefresh":false,"showFog":true,"showSkybox":true,"showFlares":true,"showImageEffects":true,"showParticleSystems":true,"showVisualEffectGraphs":true,"m_FxEnabled":true},"in2DMode":false,"pivot":{"x":559.7015380859375,"y":-38.503875732421878,"z":1584.0347900390625},"rotation":{"x":0.09466391801834107,"y":0.0020818267948925497,"z":-0.00023513358610216528,"w":0.9954642057418823},"size":1062.11181640625,"orthographic":false}